image_file,category,subcategory
images/faces/CFD-BF-211-168-N.jpg,faces,female
images/faces/CFD-BF-212-315-N.jpg,faces,female
images/faces/CFD-BF-213-188-N.jpg,faces,female
images/faces/CFD-BF-214-308-N.jpg,faces,female
images/faces/CFD-BF-215-177-N.jpg,faces,female
images/faces/CFD-BF-216-132-N.jpg,faces,female
images/faces/CFD-BF-217-189-N.jpg,faces,female
images/faces/CFD-BF-218-207-N.jpg,faces,female
images/faces/CFD-BF-219-137-N.jpg,faces,female
images/faces/CFD-BF-220-161-N.jpg,faces,female
images/faces/CFD-BF-221-223-N.jpg,faces,female
images/faces/CFD-BF-222-240-N.jpg,faces,female
images/faces/CFD-BF-223-250-N.jpg,faces,female
images/faces/CFD-BF-224-002-N.jpg,faces,female
images/faces/CFD-BF-225-192-N.jpg,faces,female
images/faces/CFD-BF-226-119-N.jpg,faces,female
images/faces/CFD-BF-227-137-N.jpg,faces,female
images/faces/CFD-BF-228-212-N.jpg,faces,female
images/faces/CFD-BF-229-179-N.jpg,faces,female
images/faces/CFD-BF-230-189-N.jpg,faces,female
images/faces/CFD-BF-231-202-N.jpg,faces,female
images/faces/CFD-BF-232-187-N.jpg,faces,female
images/faces/CFD-BF-233-116-N.jpg,faces,female
images/faces/CFD-BF-234-167-N.jpg,faces,female
images/faces/CFD-BF-235-168-N.jpg,faces,female
images/faces/CFD-BF-236-177-N.jpg,faces,female
images/faces/CFD-BF-237-172-N.jpg,faces,female
images/faces/CFD-BF-238-190-N.jpg,faces,female
images/faces/CFD-BF-239-180-N.jpg,faces,female
images/faces/CFD-BF-240-179-N.jpg,faces,female
images/faces/CFD-BF-241-222-N.jpg,faces,female
images/faces/CFD-BF-242-154-N.jpg,faces,female
images/faces/CFD-BF-243-164-N.jpg,faces,female
images/faces/CFD-BF-244-231-N.jpg,faces,female
images/faces/CFD-BF-245-178-N.jpg,faces,female
images/faces/CFD-BF-246-170-N.jpg,faces,female
images/faces/CFD-BF-247-179-N.jpg,faces,female
images/faces/CFD-BF-248-149-N.jpg,faces,female
images/faces/CFD-BF-249-091-N.jpg,faces,female
images/faces/CFD-BF-250-121-N.jpg,faces,female
images/faces/CFD-BF-251-211-N.jpg,faces,female
images/faces/CFD-BF-252-191-N.jpg,faces,female
images/faces/CFD-BF-253-202-N.jpg,faces,female
images/faces/CFD-BF-254-201-N.jpg,faces,female
images/faces/CFD-BF-255-140-N.jpg,faces,female
images/faces/CFD-BM-001-014-N.jpg,faces,female
images/faces/CFD-BM-002-013-N.jpg,faces,female
images/faces/CFD-BM-003-003-N.jpg,faces,female
images/faces/CFD-BM-004-002-N.jpg,faces,female
images/faces/CFD-BM-005-003-N.jpg,faces,female
images/faces/CFD-BM-009-002-N.jpg,faces,female
images/faces/CFD-BM-010-003-N.jpg,faces,female
images/faces/CFD-BM-011-016-N.jpg,faces,female
images/faces/CFD-BM-012-018-N.jpg,faces,female
images/faces/CFD-BM-013-002-N.jpg,faces,female
images/faces/CFD-BM-015-015-N.jpg,faces,female
images/faces/CFD-BM-016-036-N.jpg,faces,female
images/faces/CFD-BM-017-021-N.jpg,faces,female
images/faces/CFD-BM-018-001-N.jpg,faces,female
images/faces/CFD-BM-019-002-N.jpg,faces,female
images/faces/CFD-BM-020-001-N.jpg,faces,female
images/faces/CFD-BM-021-021-N.jpg,faces,female
images/faces/CFD-BM-022-022-N.jpg,faces,female
images/faces/CFD-BM-023-029-N.jpg,faces,female
images/faces/CFD-BM-024-001-N.jpg,faces,female
images/faces/CFD-BM-025-035-N.jpg,faces,female
images/faces/CFD-BM-026-002-N.jpg,faces,female
images/faces/CFD-BM-027-001-N.jpg,faces,female
images/faces/CFD-BM-028-002-N.jpg,faces,female
images/faces/CFD-BM-029-024-N.jpg,faces,female
images/faces/CFD-BM-030-003-N.jpg,faces,female
images/faces/CFD-BM-031-003-N.jpg,faces,female
images/faces/CFD-BM-032-024-N.jpg,faces,female
images/faces/CFD-BM-033-003-N.jpg,faces,female
images/faces/CFD-BM-034-031-N.jpg,faces,female
images/faces/CFD-BM-036-003-N.jpg,faces,female
images/faces/CFD-BM-037-033-N.jpg,faces,female
images/faces/CFD-BM-038-001-N.jpg,faces,female
images/faces/CFD-BM-039-029-N.jpg,faces,female
images/faces/CFD-BM-040-002-N.jpg,faces,female
images/faces/CFD-BM-041-035-N.jpg,faces,female
images/faces/CFD-BM-043-071-N.jpg,faces,female
images/faces/CFD-BM-044-001-N.jpg,faces,female
images/faces/CFD-BM-045-004-N.jpg,faces,female
images/faces/CFD-BM-046-006-N.jpg,faces,female
images/faces/CFD-BM-200-046-N.jpg,faces,female
images/faces/CFD-BM-201-077-N.jpg,faces,female
images/faces/CFD-BM-202-063-N.jpg,faces,female
images/faces/CFD-BM-203-001-N.jpg,faces,female
images/faces/CFD-BM-204-003-N.jpg,faces,female
images/faces/CFD-BM-205-001-N.jpg,faces,female
images/faces/CFD-BM-206-114-N.jpg,faces,female
images/faces/CFD-BM-207-024-N.jpg,faces,female
images/faces/CFD-BM-208-065-N.jpg,faces,female
images/faces/CFD-BM-209-088-N.jpg,faces,female
images/faces/CFD-BM-210-148-N.jpg,faces,female
images/faces/CFD-BM-211-174-N.jpg,faces,female
images/faces/CFD-BM-212-117-N.jpg,faces,female
images/faces/CFD-BM-213-134-N.jpg,faces,female
images/faces/CFD-BM-214-075-N.jpg,faces,female
images/faces/CFD-BM-215-155-N.jpg,faces,female
images/faces/CFD-BM-216-088-N.jpg,faces,female
images/faces/CFD-BM-217-082-N.jpg,faces,female
images/faces/CFD-BM-218-132-N.jpg,faces,female
images/faces/CFD-BM-219-141-N.jpg,faces,female
images/faces/CFD-BM-221-198-N.jpg,faces,female
images/faces/CFD-BM-222-173-N.jpg,faces,female
images/faces/CFD-BM-223-171-N.jpg,faces,female
images/faces/CFD-BM-224-073-N.jpg,faces,female
images/faces/CFD-BM-225-154-N.jpg,faces,female
images/faces/CFD-BM-226-276-N.jpg,faces,female
images/faces/CFD-BM-227-191-N.jpg,faces,female
images/faces/CFD-BM-228-145-N.jpg,faces,female
images/faces/CFD-BM-229-209-N.jpg,faces,female
images/faces/CFD-BM-230-232-N.jpg,faces,female
images/faces/CFD-BM-231-155-N.jpg,faces,female
images/faces/CFD-BM-232-213-N.jpg,faces,female
images/faces/CFD-BM-233-285-N.jpg,faces,female
images/faces/CFD-BM-234-172-N.jpg,faces,female
images/faces/CFD-BM-235-226-N.jpg,faces,female
images/faces/CFD-BM-236-248-N.jpg,faces,female
images/faces/CFD-BM-237-188-N.jpg,faces,female
images/faces/CFD-BM-238-242-N.jpg,faces,female
images/faces/CFD-BM-239-136-N.jpg,faces,female
images/faces/CFD-BM-240-207-N.jpg,faces,female
images/faces/CFD-BM-241-235-N.jpg,faces,female
images/faces/CFD-BM-242-233-N.jpg,faces,female
images/faces/CFD-BM-243-218-N.jpg,faces,female
images/faces/CFD-BM-244-197-N.jpg,faces,female
images/faces/CFD-BM-245-164-N.jpg,faces,female
images/faces/CFD-BM-246-192-N.jpg,faces,female
images/faces/CFD-BM-247-240-N.jpg,faces,female
images/faces/CFD-BM-248-128-N.jpg,faces,female
images/faces/CFD-BM-249-235-N.jpg,faces,female
images/faces/CFD-BM-250-170-N.jpg,faces,female
images/faces/CFD-BM-251-013-N.jpg,faces,female
images/faces/CFD-BM-252-161-N.jpg,faces,female
images/faces/CFD-BM-253-004-N.jpg,faces,female
images/faces/CFD-LF-200-058-N.jpg,faces,female
images/faces/CFD-LF-201-035-N.jpg,faces,female
images/faces/CFD-LF-202-065-N.jpg,faces,female
images/faces/CFD-LF-203-066-N.jpg,faces,female
images/faces/CFD-LF-204-133-N.jpg,faces,female
images/faces/CFD-LF-205-100-N.jpg,faces,female
images/faces/CFD-LF-206-078-N.jpg,faces,female
images/faces/CFD-LF-207-198-N.jpg,faces,female
images/faces/CFD-LF-208-127-N.jpg,faces,female
images/faces/CFD-LF-209-072-N.jpg,faces,female
images/faces/CFD-LF-210-220-N.jpg,faces,female
images/faces/CFD-LF-211-003-N.jpg,faces,female
images/faces/CFD-LF-212-066-N.jpg,faces,female
images/faces/CFD-LF-213-079-N.jpg,faces,female
images/faces/CFD-LF-214-090-N.jpg,faces,female
images/faces/CFD-LF-215-157-N.jpg,faces,female
images/faces/CFD-LF-216-121-N.jpg,faces,female
images/faces/CFD-LF-217-082-N.jpg,faces,female
images/faces/CFD-LF-218-072-N.jpg,faces,female
images/faces/CFD-LF-219-223-N.jpg,faces,female
images/faces/CFD-LF-220-120-N.jpg,faces,female
images/faces/CFD-LF-221-002-N.jpg,faces,female
images/faces/CFD-LF-222-147-N.jpg,faces,female
images/faces/CFD-LF-223-064-N.jpg,faces,female
images/faces/CFD-LF-224-176-N.jpg,faces,female
images/faces/CFD-LF-225-164-N.jpg,faces,female
images/faces/CFD-LF-226-174-N.jpg,faces,female
images/faces/CFD-LF-227-054-N.jpg,faces,female
images/faces/CFD-LF-228-125-N.jpg,faces,female
images/faces/CFD-LF-229-164-N.jpg,faces,female