image,category,subcategory,
CFD-WM-233-106-N.jpg,faces,male,
CFD-BM-044-001-N.jpg,faces,male,
CFD-AM-216-114-N.jpg,faces,male,
CFD-WM-025-002-N.jpg,faces,male,
CFD-BM-239-136-N.jpg,faces,male,
CFD-WM-242-011-N.jpg,faces,male,
CFD-LM-220-329-N.jpg,faces,male,
CFD-AM-212-050-N.jpg,faces,male,
CFD-WM-228-065-N.jpg,faces,male,
CFD-LM-202-072-N.jpg,faces,male,
CFD-WM-253-119-N.jpg,faces,male,
CFD-AM-202-079-N.jpg,faces,male,
CFD-WM-220-068-N.jpg,faces,male,
CFD-LM-222-239-N.jpg,faces,male,
CFD-BM-227-191-N.jpg,faces,male,
CFD-BM-232-213-N.jpg,faces,male,
CFD-BM-216-088-N.jpg,faces,male,
CFD-BM-023-029-N.jpg,faces,male,
CFD-LM-217-162-N.jpg,faces,male,
CFD-BM-001-014-N.jpg,faces,male,
CFD-BM-208-065-N.jpg,faces,male,
CFD-LM-221-216-N.jpg,faces,male,
CFD-WM-218-074-N.jpg,faces,male,
CFD-AM-224-126-N.jpg,faces,male,
CFD-BM-021-021-N.jpg,faces,male,
CFD-WM-249-239-N.jpg,faces,male,
CFD-BM-228-145-N.jpg,faces,male,
CFD-WM-245-123-N.jpg,faces,male,
CFD-AM-228-214-N.jpg,faces,male,
CFD-LM-236-163-N.jpg,faces,male,
CFD-WM-029-023-N.jpg,faces,male,
CFD-BM-037-033-N.jpg,faces,male,
CFD-BM-025-035-N.jpg,faces,male,
CFD-LM-239-075-N.jpg,faces,male,
CFD-LM-231-214-N.jpg,faces,male,
CFD-AM-204-122-N.jpg,faces,male,
CFD-AM-217-085-N.jpg,faces,male,
CFD-LM-252-076-N.jpg,faces,male,
CFD-AM-241-287-N.jpg,faces,male,
CFD-WM-215-041-N.jpg,faces,male,
CFD-WM-244-003-N.jpg,faces,male,
CFD-WM-256-138-N.jpg,faces,male,
CFD-WM-015-002-N.jpg,faces,male,
CFD-BM-236-248-N.jpg,faces,male,
CFD-AM-252-114-N.jpg,faces,male,
CFD-WM-243-107-N.jpg,faces,male,
CFD-WM-212-097-N.jpg,faces,male,
CFD-WM-031-003-N.jpg,faces,male,
CFD-BM-253-004-N.jpg,faces,male,
CFD-BM-036-003-N.jpg,faces,male,
CFD-BM-247-240-N.jpg,faces,male,
CFD-BM-242-233-N.jpg,faces,male,
CFD-AM-208-143-N.jpg,faces,male,
CFD-WM-024-015-N.jpg,faces,male,
CFD-AM-223-138-N.jpg,faces,male,
CFD-AM-205-153-N.jpg,faces,male,
CFD-WM-234-118-N.jpg,faces,male,
CFD-BM-030-003-N.jpg,faces,male,
CFD-LM-243-075-N.jpg,faces,male,
CFD-LM-242-002-N.jpg,faces,male,
CFD-LM-228-188-N.jpg,faces,male,
CFD-LM-250-077-N.jpg,faces,male,
CFD-BM-241-235-N.jpg,faces,male,
CFD-WM-040-022-N.jpg,faces,male,
CFD-BM-200-046-N.jpg,faces,male,
CFD-WM-203-023-N.jpg,faces,male,
CFD-LM-248-089-N.jpg,faces,male,
CFD-AM-242-176-N.jpg,faces,male,
CFD-WM-239-128-N.jpg,faces,male,
CFD-BM-004-002-N.jpg,faces,male,
CFD-BM-249-235-N.jpg,faces,male,
CFD-LM-241-125-N.jpg,faces,male,
CFD-AM-215-120-N.jpg,faces,male,
CFD-BM-040-002-N.jpg,faces,male,
CFD-LM-247-095-N.jpg,faces,male,
CFD-AM-248-104-N.jpg,faces,male,
CFD-WM-257-161-N.jpg,faces,male,
CFD-AM-232-251-N.jpg,faces,male,
CFD-WM-202-107-N.jpg,faces,male,
CFD-BM-013-002-N.jpg,faces,male,
CFD-BM-251-013-N.jpg,faces,male,
CFD-BM-203-001-N.jpg,faces,male,
CFD-BM-230-232-N.jpg,faces,male,
CFD-LM-216-082-N.jpg,faces,male,
CFD-WM-012-001-N.jpg,faces,male,
CFD-LM-246-087-N.jpg,faces,male,
CFD-AM-235-241-N.jpg,faces,male,
CFD-BM-015-015-N.jpg,faces,male,
CFD-WM-216-061-N.jpg,faces,male,
CFD-BM-244-197-N.jpg,faces,male,
CFD-LM-235-231-N.jpg,faces,male,
CFD-BM-031-003-N.jpg,faces,male,
CFD-BM-019-002-N.jpg,faces,male,
CFD-WM-238-020-N.jpg,faces,male,
CFD-AM-239-147-N.jpg,faces,male,
CFD-WM-004-010-N.jpg,faces,male,
CFD-LM-244-068-N.jpg,faces,male,
CFD-BM-219-141-N.jpg,faces,male,
CFD-BM-218-132-N.jpg,faces,male,
CFD-BM-041-035-N.jpg,faces,male,
CFD-AM-234-355-N.jpg,faces,male,
CFD-BM-217-082-N.jpg,faces,male,
CFD-WM-026-001-N.jpg,faces,male,
CFD-WM-020-001-N.jpg,faces,male,
CFD-LM-224-162-N.jpg,faces,male,
CFD-WM-201-063-N.jpg,faces,male,
CFD-WM-219-008-N.jpg,faces,male,
CFD-LM-203-026-N.jpg,faces,male,
CFD-WM-237-052-N.jpg,faces,male,
CFD-WM-232-070-N.jpg,faces,male,
CFD-WM-023-001-N.jpg,faces,male,
CFD-AM-250-149-N.jpg,faces,male,
CFD-BM-027-001-N.jpg,faces,male,
CFD-BM-016-036-N.jpg,faces,male,
CFD-WM-251-002-N.jpg,faces,male,
CFD-WM-039-018-N.jpg,faces,male,
CFD-WM-208-068-N.jpg,faces,male,
CFD-WM-009-002-N.jpg,faces,male,
CFD-BM-235-226-N.jpg,faces,male,
CFD-WM-037-025-N.jpg,faces,male,