image,category,subcategory
Icebergrce.jpg,scenes,natural
beach_26_19_altavista.jpg,scenes,natural
beach_02_10_yahoo.jpg,scenes,natural
DVP4969281_P.jpg,scenes,natural
BruceMcAlpineIceberg-large.jpg,scenes,natural
land662.jpg,scenes,natural
cdMC903.jpg,scenes,natural
calanques_01_05_google.jpg,scenes,natural
canyon_02_03_ask.jpg,scenes,natural
land364.jpg,scenes,natural
FreeFoto_river_36_44.jpg,scenes,natural
forest_01_01_ask.jpg,scenes,natural
new_tour-complet-hiver-d-7.jpg,scenes,natural
Coastal-caveinchalkwithrubble.jpg,scenes,natural
field_05_06_ask.jpg,scenes,natural
009iceberg.jpg,scenes,natural
stream01_640.jpg,scenes,natural
natu3.jpg,scenes,natural
n44002.jpg,scenes,natural
popo11.jpg,scenes,natural
pasture48.jpg,scenes,natural
canyon_05_01_ask.jpg,scenes,natural
canyon_04_05_askl.jpg,scenes,natural
FreeFoto_river_2_16.jpg,scenes,natural
calanques_22_13_altavista.jpg,scenes,natural
beach_26_07_flickr.jpg,scenes,natural
big-blue-iceberg.jpg,scenes,natural
FreeFoto_beach_1_17.jpg,scenes,natural
Igloo_outside.jpg,scenes,natural
calanques_07_13_google.jpg,scenes,natural
canyon_26_02_askl.jpg,scenes,natural
08Trees.jpg,scenes,natural
b_chute_moreau.jpg,scenes,natural
AA005940.jpg,scenes,natural
1889095-Turtle_Island_Busuanga_Palawan-Palawan.jpg,scenes,natural
crique_02_03_ask.jpg,scenes,natural
FreeFoto_beach_14_12.jpg,scenes,natural
image12.jpg,scenes,natural
FreeFoto_beach_8_23.jpg,scenes,natural
FreeFoto_beach_24_9.jpg,scenes,natural
Desert_de_Gobi.jpg,scenes,natural
mountain77.jpg,scenes,natural
FreeFoto_beach_20_3.jpg,scenes,natural
n251016.jpg,scenes,natural
cavepic6.jpg,scenes,natural
bambouseraie_12_10_altavista.jpg,scenes,natural
paloduro02.jpg,scenes,natural
field_05_05_ask.jpg,scenes,natural
WilliamsStreamOutlet1.jpg,scenes,natural
nat457.jpg,scenes,natural
land161.jpg,scenes,natural
forest_17_01_askl.jpg,scenes,natural
FreeFoto_forest_13_49.jpg,scenes,natural
canyon_25_01_askl.jpg,scenes,natural
Qumran_Cave_4_interior_51-31tb_wr.jpg,scenes,natural
FreeFoto_mountain_6_42.jpg,scenes,natural
cav3e.jpg,scenes,natural
web_VolcanTungurahua.jpg,scenes,natural
NA002665.jpg,scenes,natural
446598270_7894706047.jpg,scenes,natural
NA004783.jpg,scenes,natural
canyon_14_02_askl.jpg,scenes,natural
beach_120_08_flickr.jpg,scenes,natural
ANTARCTICA-IcebergLagoon-MatthewGibbons_jpg.jpg,scenes,natural
cdMC727.jpg,scenes,natural
land18.jpg,scenes,natural
natu138.jpg,scenes,natural
des16.jpg,scenes,natural
r_251092.jpg,scenes,natural
forest_02_11_altavista.jpg,scenes,natural
FreeFoto_forest_2_48.jpg,scenes,natural
beach_11_02_ask.jpg,scenes,natural
mountain_10_04_askl.jpg,scenes,natural
bnine.jpg,scenes,natural
nat947.jpg,scenes,natural
mammoth_cave.jpg,scenes,natural
FreeFoto_beach_39_50.jpg,scenes,natural
FreeFoto_beach_32_15.jpg,scenes,natural
canyon_25_04_askl.jpg,scenes,natural
FreeFoto_forest_14_16.jpg,scenes,natural
namibiefishriver03.jpg,scenes,natural
FreeFoto_beach_24_43.jpg,scenes,natural
ks_sky_truck-793694.jpg,scenes,natural
FreeFoto_mountain_7_1.jpg,scenes,natural
FreeFoto_coast_2_18.jpg,scenes,natural
FreeFoto_mountain_3_34.jpg,scenes,natural
index1.jpg,scenes,natural
NA002572.jpg,scenes,natural
FreeFoto_coast_2_13.jpg,scenes,natural
forest_01_01_google.jpg,scenes,natural
11081stream.jpg,scenes,natural
PoolesCavern2A.jpg,scenes,natural
bea10.jpg,scenes,natural
mb_0494.jpg,scenes,natural
land680.jpg,scenes,natural
n213075.jpg,scenes,natural
FreeFoto_mountain_7_36.jpg,scenes,natural
xctkiig4632sm9ac.jpg,scenes,natural
beach_138_10_flickr.jpg,scenes,natural
land645.jpg,scenes,natural
FreeFoto_beach_24_45.jpg,scenes,natural
WMP0005237_P.jpg,scenes,natural
cdMC745.jpg,scenes,natural
land145.jpg,scenes,natural
till_gravel_underwater-2.jpg,scenes,natural
calanques_01_10_google.jpg,scenes,natural
1147453287.jpg,scenes,natural
050531_colima_volcano_04.jpg,scenes,natural
jade_iceberg2.jpg,scenes,natural
calanques_17_05_google.jpg,scenes,natural
FreeFoto_mountain_1_2.jpg,scenes,natural
tower_block_iceberg.jpg,scenes,natural
land16.jpg,scenes,natural
b_371057.jpg,scenes,natural
volcano34.jpg,scenes,natural
FreeFoto_coast_2_16.jpg,scenes,natural
Ruisseau45.jpg,scenes,natural
mountain86.jpg,scenes,natural
BottomofCave.jpg,scenes,natural
crique_09_16_altavista.jpg,scenes,natural